Feature,Gain
PETAL.WIDTH,41.8553399639299
PETAL.LENGTH,35.6362528012809
SEPAL.LENGTH,1.08982656921866
SEPAL.WIDTH,0.76801399890389
